content,intensity
Wants to know how the hell I can remember words to songs from years ago but canâ€™t remember what I went into the next room for!?!,happiness
Love is a long sweet dream & marriage is an alarm clock..,happiness
The world could be amazing when you are slightly strange.,happiness
My secret talent is getting tired without doing anything. ðŸ˜€,happiness
"Khatarnaak Whatsapp Status Everâ€¦ Can\â€™t talk, wife around",happiness
The new way of forgetting your past is deleting your chats ðŸ˜›,happiness
"204 countries, 805 Islands, 7 seas, 7+ Billion people and Iâ€™m still single..",happiness
Availableâ€¦. Prabhu ichhaa takâ€¦â€¦!!!!!,happiness
"Life is too short to be serious all the time. So if you canâ€™t laugh at yourself, call me I will laugh at you ðŸ˜€",happiness
A really cool feature of the Nano they donâ€™t tell you about is that even beggars ignore you at a traffic signal. Relaxing facility.,happiness
"You love flowers, but you cut them. You love animals, but you eat them. You tell me you love me, so now Iâ€™m scared!",happiness
"All person b very careful when u step out today n tomorrow. . They r looking out for bakraâ€™s, Canâ€™t afford to lose any of  u  ðŸ˜€",happiness
"Men have feelings too. For example, we feel hungry.",happiness
3 horrible things in life: 1) Slow Internet. 2) Slow Internet. 3) Slow Internet.,happiness
My teacher today gave 45 minute speech about not wasting time.,happiness
"Women loves shoes bcz no matter how much & whatever they eat, the shoe always fits :p",happiness
Never laugh at your wifeâ€™s choices. ..you are one of them â€¦,happiness
"Thank God there is No Hindi version of WhatsApp otherwise ""Last Seen"" would be ""Antim Darshan"" .",happiness
Hey there! Iâ€™m using my brain.,happiness
I put my heart n soul into my work and lost my brain in d process,happiness
"Faces u make on d toilet:
(o_o) , (>_<) , (0_0) , (^_^)",happiness
"Getting married is a lot like getting into a tub of hot water. After you get used to it, it ainâ€™t so hot.",happiness
"Sorry about those texts I sent you last night, my phone was drunk.",happiness
"When a bird hits your windshield, have you ever wondered if God is playing angry birds with you?",happiness
Taking your ex back is like going to the junk yard and buying back your own crap.,happiness
I donâ€™t know why I keep a plastic bag at home full of plastic bags.,happiness
I work out everyday I do 1 sit-up every morning when I wake up.,happiness
One wise guy invented Whatsappâ€¦ and his wife added last seen feature ðŸ™‚ ,happiness
I wish I had Google in my mind and antivirus in my heart.,happiness
(-_-) x 1.3 Billion people = China,happiness
Youâ€™re beautiful until your Photoshop 30 day trial has gone.,happiness
"When you wait for a waiter in a restaurant, arenâ€™t you a waiter?",happiness
I love my six packs so much; I protect it with a layer of fat.,happiness
WARNING!! I know karate â€¦..and some other words!!!,happiness
I Wish My Parents Were Like Google. They Should Understand Me Even Before I Complete.,happiness
Watching PKâ€¦ After PK..!!,happiness
A man says a lot of things in summer he doesnâ€™t mean in winter.,happiness
I Wonder What Happenâ€™s When Doctorâ€™s Wife Eats An Apple A Day ðŸ˜‰,happiness
"Study economics-when youâ€™re unemployed, at least youâ€™ll know why.",happiness
"Hey there, Iâ€™m using 123whatsappstatus.com!",happiness
Women- Godâ€™s version of Rubik cube.,happiness
"Tum mujhe â€˜Hmmmâ€™ do, main tumhe â€˜Kâ€™ dunga",happiness
"SI unit of ignorance = ""online""",happiness
"Hey there, Iâ€™m using my parents.",happiness
"Donâ€™t use bathroom in your dream, Itâ€™s a set-up.",happiness
"There are 3 types of people in the world- vegetarian, non-vegetarian & Tuesday Saturday.",happiness
"My laziness is like 8, when I lie down it becomes infinity ðŸ˜€",happiness
"Accept that some days you are the pigeon, and some days you are the statue.",happiness
"WhatsApp free hai, main nahi. ",happiness
Nobody is perfect. Even dettol kills only 99.9% of germs!,happiness
"Iâ€™m on a sea-food diet, I see food, I eat it!",happiness
Exams in the university are closer than they appear.,happiness
Decided to burn lots of calories today so I set a fat kid on fire:-D,happiness
I remember when my old Nokia phone said I had low battery it meant that I had 2 days to find a charger. :â€™),happiness
What if girls can read mindsâ€¦ Every second a boy gets slappedâ€¦,happiness
"I have come to the conclusion that Google must be female, as she has the answer to everything!",happiness
"Girls are like police. Even when they get a hold of all the evidence, they still want to hear the truth from you.",happiness
"Mirrors donâ€™t lie. Lucky for you, they donâ€™t laugh either.",happiness
"If you love someone set them free. If they come back, set them on fire.. ðŸ˜‰",happiness
When someone hates you for no reason. Give them a reason ðŸ˜›,happiness
Non-urgent calls only!! :p,happiness
Sometimes I think to write LOL at the end of every answer in exams,happiness
"I donâ€™t care what people say or think about me, at least am attractive to mosquitoes ðŸ˜›",happiness
"Iâ€™m not sad for being single. Rather Iâ€™m thinking about her, who is single because of me.",happiness
"Not always available, try your luck ðŸ˜‰",happiness
I think Uruguayâ€™s Luis Suarez is the man to bit the Appleâ€™s logo,happiness
The average millionaire goes bankrupt at least 3.5 times. I have gone 2 times. Pretty Close,happiness
55% of people will yawn after reading the word â€œyawn.â€,happiness
Typingâ€¦,happiness
Oh! Game over and you lost me ðŸ™‚,happiness
You can do anything but not everything ..,happiness
Three Mistakes Of My Life : WTF (Whatsapp Twitter Facebook),happiness
Hey there WHATSAPP is using me !!,happiness
"Waiting for ""Ache Din""",happiness
"Dear math, Iâ€™m tired finding your ""X"" DUDE she is gone, Please Move on Bro. !",happiness
NAMO (MODI) victory has proved that a man can succeed only when his mother is near and his wife is awayâ€¦,happiness
The word EXAMS make me sick without PAIN.,happiness
"My koochi my poochi please get my Gucci, Even if you have to sell all your blood.",happiness
"In todayâ€™s world u donâ€™t have to b smart, only your smartphone should be smart.",happiness
Mera status dekhkar aapko kya mila? BABAJI KA THULLU ?,happiness
We have a history together â€¦â€¦and English and French alsoâ€¦.. ðŸ™‚,happiness
I am in a relationship with studies and itâ€™s complicated.?,happiness
"Some people just need a High-Five, on the face.",happiness
"I prefer work smarter, Instead of harder",happiness
My Condolences for confused in love and for broken Heart,happiness
"Act crazy, donâ€™t regret, do things you would never ever do because life is short so live it up! ðŸ™‚",happiness
I hate that people who fart silently in public,happiness
"My phone is on airplane mode, WTF itâ€™s not flying!",happiness
"After marriage, the other manâ€™s wife looks more beautiful.",happiness
Team work is important; it helps to put the blame on someone else.,happiness
Life is beautifulâ€¦ from Friday to Monday.,happiness
"I will marry the girl, who look pretty in her Adhaar card ",happiness
"I never forget a face, but in your case Iâ€™ll be glad to make an exception.",happiness
Being underestimated always serves as an advantage!! ,happiness
"Confession is good for the soul, but bad for your career.",happiness
"Isnâ€™t it scary that doctors call what they do ""practice""?",happiness
Two peanuts were walking into a tough neighborhood and one of them was a-salted.,happiness
"Never make the same mistake twice, There are so many new ones.",happiness
Someday short people are gonna unite and take over the world.,happiness
"I have flabby thighs, but fortunately my stomach covers them.",happiness
Installing love. â€¦â€¦44%. Installation failed. Error 404: install money first.,happiness
Kids born in 2000 never have to worry about forgetting how old they are.,happiness
"Vegetarians, if you want animals to live, why do you eat their food.",happiness
Bungee jumping is suicide with strings attached!,happiness
"If the stuff that comes out of my mouth upsets you, just think of all the things I keep to myself.",happiness
if your dog barks nd ememies laugh take it serious,happiness
Bye bye Everybody bye bye USA,happiness
"People say you cant live without love, but I think oxygen is more important.",happiness
I love being married. Itâ€™s so great to find that one special person you want to annoy for the rest of your life.,happiness
"Iâ€™m take a nice long shit, so donâ€™t stress me !",happiness
Happiness is homemade.....,happiness
Smile and the world smiles with you.,happiness
DON'T FoRGet To Smile.,happiness
A smile is a curve that sets everything straight.,happiness
"When life gives you a hundred reasons to cry, show life that you have a thousand reasons to smile.",happiness
"Smile and let everyone know that today, youâ€™re a lot stronger than you were yesterday.",happiness
The purpose of life is to enjoy every moment.,happiness
Learn to make yourself happy.,happiness
SMile! every minute of the day.You never know who is falling in love with it.,happiness
Aspire to Inspire before you expire,happiness
A fake smile can hide millions of tears...,happiness
LIFE IS BEAUTIFUL *Conditions Apply* ,happiness
COUNT blessings NOT problems.,happiness
Every time You smile I smile.,happiness
YOU know what's beautiful? Read the first word again.,happiness
Happiness is a perfume you cannot pour on others without getting a few drops of yourself.,happiness
Be happy for this moment is your life.,happiness
Let your smile change the world But don't let the world change your smile.,happiness
"The best feeling in the world is when the person you like, likes you back.",happiness
Smile is the best medicine in the word . . . . . so please keep smile,happiness
One of the keys to happiness is a bad memory.,happiness
"Expand your happiness by sharing it with. The larger a rainbow, the more brightly it shines.",happiness
"Smiling is infectious, you can catch it like the flu. Someone smiled at me today And I started smiling too.",happiness
"The more anger towards the past you carry in your heart, the less capable you are of loving in the present.",happiness
Happiness is not something you postpone for the future; it is something you design for the present.,happiness
"Brain and Beauty doesn't make you best in the world, but how beatiful your THOUGHTS to beautify this world.",happiness
Always believe that something wonderful is about to happen.,happiness
"Next time when you think about a wonderful & beautiful thing in life, don't forget to include YOURSELF in it.",happiness
"HAPPINESS is not determined by what is happening around you, but rather what is happening inside you. Most people depend on others to gain HAPPINESS,but the truth is, it always comes from within...",happiness
When you finally let go of the past something better comes along.,happiness
Noboday can take away your PAIN... so don't let anyone take aways your HAPPINESS.,happiness
"Simply seek happiness, and you are not likely to find it. Seek to create and love without regard to your happiness, and you will likely to happy much of the time.",happiness
"Dear whoever is reading this... You're beautiful and someone out there is crazy about you. SO, SMILE! Life is too short to be happy.",happiness
The best way to cheer yourself up is to try to cheer somebody else up.,happiness
LIVE for the moments you can't put into words.,happiness
"As soon as you TRUST yourself, you will know how to live.",happiness
"Enjoy the little things in life, for you'll one day look back and realize they were the big things.",happiness
No one is the reason of your happiness expect you yourself.,happiness
The most important things in life aren't things.,happiness
"Why waste you time getting hurt by someone, when there's someone else out there waiting to make you happy?",happiness
When life gives you a hundred reasons to cry show life you have a thousand reasons to smile,happiness
"Do not let your past rob your future. Each new day is a chance to make a new beginning. Count your blessings, live with gratitude and love with all your heart",happiness
I can always make you smiling.,happiness
Iâ€™m wearing the smile you gave me.,happiness
Happiness means you. I Love You.,happiness
Be the reason someone smiles today.,happiness
"Smile and forgive, it's the only way to live.",happiness
"Next time when you think about a wonderful & beautiful thing in life, don't forget to include YOURSELF in it.",happiness
"The lower you set your expectations of people, the less it hurts when they disappoint you.",happiness
To be beautiful means to be yourself. You don't need to be accepted by others. You need to accept yourself.,happiness
"Strong people know how to keep their life in order. Even with tears in their eyes, they still manage to say ""I'm ok"" with a smile.",happiness
Think big thoughts but relish small pleasures.,happiness
Happiness is not ready made it comes by our own actions. ,happiness
The secret of happiness is doing what you love. The secret of success is loving what you do.,happiness
"If you cannot be a pencil to write anyone's happiness, then yous hould at least try to be a nice rubber to erase someone's sadness...",happiness
"You know life is worth the struggle when you look back on what you lost, and realize what you have now is much better than before.",happiness
My Real Smile Comes when i am with you.,happiness
Youâ€™re the reason behind my smile.,happiness
A lot of people end up unhappy because they make permanent decisions on temporary emotions.,happiness
So many of my smiles begin with you.,happiness
Happiness is when â€œLast seen atâ€ changes to â€œonlineâ€ and then to â€œtyping..â€,happiness
The happiness of your life depends on the quality of your thoughts.,happiness
We're so busy watching out for what's just ahead of us that we don't take time to enjoy where we are.,happiness
"Be thankful and count your blessings for what you have, rather than what you want.",happiness
"In order to live well, you must makes a conscious decisions to be happy! Don't let the liitle things in life ruin your day.",happiness
SMILE It will make you look better.PRay It will keep you strong LOVE It will make you enjoy life.,happiness
I am always satisfied with the best. ,happiness
Train your mind to see good in everything.,happiness
Smile! It is the second best thing you can do with your lips.,happiness
Happiness isn't a destination. It's the journey you choose to take.,happiness
Spread more love than hate.,happiness
"You can't buy happiness, but you can buy ice cream. and that's kind of the same thing.",happiness
"Sometimes your existence give hope to one person or your smile make someone else smile,so value yourself.",happiness
"I slept and dreamt that Life was joy. I woke & saw that life was service. I acted and behold, service was joy.",happiness
A good laugh and a long sleep are the best cures for anything.,happiness
Every day we are given is a gift and we should treat it that way.,happiness
The happiness of your life depends upon the quality of your thouhts.But the quality of your thoughts depends on the persons whom you meet in your life...,happiness
"Never miss an opportunity to make others happy, even if you have to leave them alone in order to do it.",happiness
Cry. Forgive. Learn. Move on. Let your tears water the seeds of your future happiness.,happiness
I have Many problems in my life...But My lips don't know that' They Always Smile..,happiness
Deal with your problems before they deal with your happiness.,happiness
"Choose your thoughts carefully. Keep what brings you peace, release what brings you suffering. And know that happiness is just a thoughy away!",happiness
Theres no fun in a perfect life. So make a risk . Take a chance. Go where the mind takes you.Have fun.,happiness
Laugh alone and the world thinks you're an idiot.,happiness
"I am stronger because I had to be, I am smarter because of my mistakes, happier because of the sadness I've known and now wiser because I learned.",happiness
"Sometimes the greatest gifts in life are the ones you cannot see, but the one you can feel.",happiness
When you think you're not happy with youe LIFE always think that someone is happy simply because you EXiST.,happiness
"Faith keeps you strong. Love keeps you whole and happiness keeps you alive. So don't be a downer! Be happpy, be strong, be free, be alive.",happiness
Don't let the sadness of your past and the fear of your future win the happiness of your present.,happiness
Smile in front of people who hate youâ€¦ Ur happiness kills themâ€¦,happiness
If you aren't happy with being single you will never be happy in relationship. get your own life fist then share it.,happiness
"Don't wait for the good days, just live the bad days as good as possible! ",happiness
"You don't need a boy to keep you happy, all you need is to be yourself!",happiness
"I hate when people say they miss you,but donâ€™t make a effort to speak to you or see you. !!",happiness
In order to stay happy in life you have to get rid of the things that make you unhappy.,happiness
"The key to achieve inner happiness is to strive to make someone else happy, Instead of trying to make yourself happy all the time.",happiness
"Laugh when you can, apologize wen you should and let go of what you can't change.",happiness
Happy people don't necessarily have the best of everything; they must make the best out of everything they have.,happiness
"Everything in Life happens for a reason, STOP worrying about the reason and just LIVE for what HAPPENS!",happiness
Love what you Have. Want what you Need. Accept what yoru Recieve. Give what you Can. Forgive what you Can't. Bless what you See. BE THE LIGHT.,happiness
"Whatever makes you feel bad, leave it. Whatever makes you smile, keep it.",happiness
And when you smile the whole world stop & stares for a while .,happiness
As long as you are looking back on the past you will never see what's ahead in.,happiness
There is no begining or end to your dreams or plans. Life is journey from moment to moment. Live each moment to its fullest.,happiness
Smile and others will smile back,happiness
Kindness is the most meaningful form of progress.,happiness
Play the moments. Pause the memories. Stop the pain. Rewind the happiness.,happiness
"One of the simplest ways to stay happy is to let go of
all of the things that make you sad.",happiness
Naughty by Nature. Wild By Choice.,happiness
"The key of my happiness, just forgetting my past.",happiness
I believe in love and marriage but not necessarily with the same person.,happiness
Without Her Permission I Will Touch Her Only To Wipe Her Tears..!,happiness
I'm easy. Are you?,happiness
KISS ME.. I am Magically Delicious.,happiness
"I finally realized this, I need you more than I thought.",happiness
A secret is what you tell everyone not to tell anyone else.,happiness
Never place the key of your happiness into a pocket of another.,happiness
"Happiness temporarily escapes into the wilderness sometimes, but it returns to fill your soul.",happiness
The inner soul indulges in your true happiness. Feed it.,happiness
Donâ€™t analyze happiness. Let it flow without analyzing the rationality of it.,happiness
"Most people chose to be certain that they are in a miserable state, rather than leaping into the risk of being happy.",happiness
A way to spark of your soul journey into happiness is sparking light into anotherâ€™s happiness.,happiness
"We should quit trying to be happy, we missing out on the good times!",happiness
Birthday Quotes for Boyfriend,happiness
Happiness sparks off once one has mind settled but then sparks all over in random spurts.,happiness
"Not many wish to share in your misery, but all indulge in your happiness.",happiness
"Happiness cannot be commanded from a life program, just delete unhappy brands blocking access paths.",happiness
Laughing without cause are passionate expressions of true happiness.,happiness
Apology Quotes â€“ Apologize Quotes,happiness
Tune into happiness with that life song on happy melodies.,happiness
You do not have to be officially certified and graduated to earn happiness.,happiness
Count your troubles away and delve into countless joys.,happiness
Do not start to be aware of what a wonderful life you had in the past tense. Awaken to it in the present.,happiness
Birthday quotes for boyfriend,happiness
"Happiness is not miles away; it is right by your side, clinging to you to grasp it.",happiness
The moment of exploring in anticipation is a clinch of happiness beyond the final cave of it.,happiness
"Differing self-fulfillment paths are taken. Just because others are not on the same road, does not mean they are lost.",happiness
"Questioning what brings happiness is difficult to answer. Wealth has failed. Poverty has failed. Sadness and happiness are parallel trails. Each time you pause, one of them intervene your space.",happiness
"All attempt a reversal in the life puzzle, they begin by trying to build more wealth and assets to be happy. The correct path is first to find your true happiness in order to grow into abundance.",happiness
New Relationship Quotes,happiness
Man strives to be happy leaving his pathway to happiness impossible.,happiness
Serve your happiness wants elegantly on yourself.,happiness
Reap and enjoy your happiness harvest.,happiness
Hold your head high and straighten up shaking depression bubbles to air away.,happiness
"Crush quotes, crushing quotes",happiness
"Pleasure on earth comes in stray packages, waiting to be seized.",happiness
Donâ€™t fade away precious moments making up your mind about being happy. It is about letting go!,happiness
Happiness is a realm of true courage.,happiness
"It is not fit to bear burdens of great joy, seep into tranquil pleasure.",happiness
"Happiness is not about finally getting something we desired, it is about appreciating what we already have.",happiness
Compassion is the key to the happiness of others and your own.,happiness
Happiness is a seed that roots into a blooming bliss.,happiness
"There are moments now and again when all in the world is just so right, a gentle heavenly wave on a soul journey.",happiness
A happy childhood never expires and can be embraced at any time.,happiness
Happiness is good health with a poor memory that eliminates all the lifeâ€™s failures.,happiness
"Love, laughter, health, abundance and a tinge of luck â€“ The Joy of happiness!",happiness
Happiness is the by-product of a goal.,happiness
"Happiness is not a location, it is a direction.",happiness
Outward beautification needs a soul happiness expression to resonate.,happiness
The true cosmetic for beauty is happiness.,happiness
One that is happy will devour enjoyment of the scenery on a detour route.,happiness
Be one happy person. This is a true formula to stay happy.,happiness
One obstacle kerbing happiness is expecting too much of it.,happiness
Sculpt away misery engraving happiness into your golden flame of life.,happiness
Happy thoughts are seeds that sow positivity in abundance.,happiness
Happiness is an ideal of imagination and not reason.,happiness
A heart filled with joy has more worth than a pocket of coins.,happiness
Happiness is not limited in one direction and spreads to all life quarters.,happiness
A satisfaction overdose leaves you bloated in happiness.,happiness
One loses happiness when wishing for more happiness.,happiness
Avoid misery by having sufficient leisure to wonder about your state of happiness.,happiness
"All have a basic right to pursue happiness, just grab it as it waits in your path. Or create the happiness you desire.",happiness
Bliss comes to those who are not on a chase for it. Chasing it will be a futile and exhausting path.,happiness
The root of unhappiness is a futile search for gaining happiness.,happiness
Being content is a blessing that is not disguised.,happiness
Happiness is a nest of love.,happiness
Do not postpone happiness. It is not a temporary phase but interwoven with eternal blessings.,happiness
"We are in no position to be in control of the world, but we can control our reactions to our life encounters. Choose happiness.",happiness
Happiness prevails in the present and revives each new day in its presence.,happiness
Happiness is a form of spiritual and harmonious spring you do not want to stop the feeling.,happiness
A good exercise is to jump for joy!,happiness
Happiness is a joyful feast even if the first course was misery that had to be gulped away.,happiness
Enjoy the sound of a centered soul in the harmonious bliss of happiness.,happiness
"On the route to happiness, many get detoured in the curved direction.",happiness
Happiness is contagious; sparking it off for one will spread the glow to many.,happiness
Happiness needs to spread its wings and grow into every facet and not enclosed a clung perception of a limited enclosure.,happiness
Happiness is ordinary and everyday consciousness without a concentration on the self concern.,happiness
The greatest gift to those who love us is simply being happy.,happiness
"You may not always be happy, but can always spread happiness.",happiness
Happiness is not ruined in moments of great catastrophes but a repetition of minute habits.,happiness
A twinge of happiness scatters a mass multitude of grief.,happiness
Happiness has to be produced to be consumed.,happiness
You are only as miserable as you perceive to be. Misery is created with seeds sprouted in thoughts of negativity.,happiness
Happiness is the core of wisdom.,happiness
Happiness is the task of the inner soul.,happiness
Unhappiness is aspiring on a lost cause to get unknown wants.,happiness
"Be happy in the present, or happiness will cease.",happiness
Happiness has no attached price tags.,happiness
"In a state of calmness and serenity, inner peace overwhelms painful outer experiences.",happiness
"Happiness clustered is limited, but letting go will expand the preciousness of it.",happiness
Valuing the joy and merit of others will lead to happiness.,happiness
"Without pain, you will not know happiness.",happiness
"Happiness is about your thoughts, messages and actions are in order.",happiness
"Happiness is not about owning, earning or consuming, it is gratitude, love and grace in a spiritual reality.",happiness
Gathering crumbs of happiness which creates a full loaf of contentment.,happiness
Happiness is harmony between men on the course of his life.,happiness
Happiness is not about having a troubled mind or a pain in the body.,happiness
What we need to make us happy is to be enthusiastic about an aspiration.,happiness
Happiness occurs naturally and seldom is a result of circumstances.,happiness
"Where there is joy, pain melts away.",happiness
"Unhappiness can either be unwholesome food, severe labor or erring life habits.",happiness
Many people miss out on the bliss of happiness as they did not stop to embrace and enjoy it.,happiness
Being grateful to those that harvest our garden of happiness makes our soul blossom.,happiness
"For every one minute of anger, sixty seconds of happiness is lost.",happiness
Happiness is a choice that is conscious and not an automated response.,happiness
"To be useful is to be happy, and all else, incidental.",happiness
Counting all the blessings is a paramount key to unlock the door of happiness.,happiness
Happiness is a soul journey.,happiness
"The past is gone; the future is not yet here, so we need to embrace the present.",happiness
"The best route of awareness is a realization of knowing that your problems are actually your own and there is no point in blaming them on family, the government or the pastor who prayed with you, bringing no results of springing happiness. You are in control of your destiny.",happiness
The happiest in the world are those who fully love themselves and accept the responsibility of every life aspect.,happiness
Optimism is a magnet of happiness. Staying positive will attract all the best for you.,happiness
Practicing true compassion brings immediate happiness that is long lasting.,happiness
Happiness is living each day as if it is your first honeymoon day and last vacation day.,happiness
Happiness is about choice. Most are as happy as they chose to be.,happiness
We must learn to let go of the life we carefully planned and motion with the life waiting in our pathway.,happiness
"Freedom is by doing what you prefer to do, but happiness is about liking what you have chosen to do.",happiness
Spending a lifetime anticipating and preparing for a storm will seize moments to lay back and devour the sunshine.,happiness
"Each day is a new beginning, a new chapter to start afresh in a new spark. Forget about what did not happen or focus on what can be.",happiness
"Do not aim to be better than the other person, but aim to better yourself.",happiness
"Happiness is not a piece of a lost puzzle, it is self-created.",happiness
Choose to live life as the miracle is in everything around you.,happiness
"If you chase happiness it eludes you, but just like a butterfly, it will rest on your shoulder if you are not pursuing to capture it.",happiness
To be happy does not mean that all is perfect. It means that you have chosen to look beyond any imperfections.,happiness
"Whether it is anger, frustration, jealousy or joy, they are all universe gifts for our enjoyment or growth.",happiness
"The journey of life should be one you fall in love with and once you love this journey of life, you will always be in love with life.",happiness
"Happiness is a direction, not a place. The only thing that will make you happy is being happy with who you are",happiness
Happiness is letting go of what you think your life is supposed to look like,happiness
Success is not the key to happiness. Happiness is the key to success.Â ,happiness
"If you want to be happy, set a goal that manages your thinking, expresses your strengths, and inspires your hopes",happiness
Figure out how to esteem yourself which means battling for your satisfaction,happiness
"Not he who has much is rich, but he who gives much",happiness
"If the only tool you have is a hammer, you tend to see every problem as a nail",happiness
You may also like Best Attitude status quotes for WhatsApp,happiness
Distance between madness and talent is measured only by success,happiness
Never confine yourself to the limited imagination of others; Never limit yourself to others because of your limited imagination,happiness
Happiness is not something ready-made. It comes from your own actions,happiness
"Happiness and sadness run parallel to each other. When one rests, the other begins to tingle.
.) The purpose of our lives is to be happy",happiness
Happiness is not a goal; it is a by-product,happiness
The pursuit of happiness is one of the main sources of hunger,happiness
"When you love what you have, you have everything you need",happiness
"To succeed in life, you need two things: ignorance and confidence",happiness
Donâ€™t wait. The time will never be just right,happiness
"After every difficulty, ask yourself two questions: â€œWhat did I do right?â€ and â€œWhat would I do differently?",happiness
Donâ€™t brood. Get on with living and loving. You donâ€™t have forever,happiness
Doing the best at this moment puts you in the best place for the next moment,happiness
Lifeâ€™s real failure is when you do not realize how close you were to success when you gave up,happiness
"If youâ€™re going through hell, keep going",happiness
Happiness is where we find it but rarely where we look for it,happiness
Be miserable. Or motivate yourself. Everything you have to do is always your choice,happiness
The first step to success is refusing to be a prisoner of the environment when you first find yourself,happiness
Donâ€™t miss: + Awesome status in English,happiness
Attitude is as important as the ability for success,happiness
Judge your success by what you had to give up in order to get it,happiness
Spread love everywhere you go. Let no one ever come without leaving happier,happiness
There is no cosmetic for beauty like happiness,happiness
"Happiness is when what you think, what you say and what you do are consistent",happiness
The happiness of your life depends upon the quality of your thoughts,happiness
"Happiness always looks small while you hold it in your hands, but let it go, and you learn at once how big and precious it is",happiness
Ups and downs. Victories and defeats. Sadness and happiness. Thatâ€™s the best kind of life,happiness
Action is the key to all success,happiness
Victory is sweetest when youâ€™ve known defeat,happiness
Success is simple. Do the right thing at the right time,happiness
Your work is to discover your world and then with all your heart,happiness
"Achievement, as a rule, goes to the individuals who are excessively occupied for it",happiness
Success is largely a matter of holding on after others have let go,happiness
Start where you are. Use what you have. Do what you can,happiness
"Success seems to be connected with action. Successful people keep moving. They make mistakes, but they donâ€™t quit",happiness
"embarrassed by your failures, learn from them and start again",happiness
"I canâ€™t give you the formula for success, but I can give you the formula for failure which is: Try to make everyone happy",happiness
Success is going from failure to failure without losing enthusiasm,happiness
"If you think a simple task is powerful, just keep going",happiness
The successful man is the one who finds out what is the matter with his business before his competitors do,happiness
"You have to learn the rules of the game. At that point, you need to play better than any other person",happiness
"Amateurs sit and wait for inspiration, the rest of us just get up and go to work",happiness
Donâ€™t interfere with what you canâ€™t do,happiness
Life isnâ€™t about finding yourself. Life is about creating yourself,happiness
Success is about how high you jump when you hit the bottom,happiness
Ever tried. Ever failed. No matter. Try Again. Fail again. Fail better,happiness
What seems to us as bitter trials are often blessings in disguise,happiness
"Your attitude, not your aptitude, will determine your altitude",happiness
"The successful warrior is the average man, with laser-like focus",happiness
My real smile comes out when i am with you â™¥,happiness
Love + Trust + Honesty = Long Lasting Relationship.,happiness
"""Life is not about who hurt you and broke you down. It's about who was always there and who made you smile again """,happiness
"I can see the future , Let me give you a Clue , it's "" ME + U """,happiness
Sometimes words are not enough.,happiness
"A Man who truly loves you will be angry at you for so many things, but will never leave you.",happiness
"Love is sweet when its new, but sweeter when its true.",happiness
"Love is blind, Be careful",happiness
The best love story is when you fall in love with the most unexpected person.,happiness
Its nice when someone cares about you as much as you care about them.,happiness
"Dude,you are lucky, you got her. She is YOURS. So step up, treat her right or she wont be yours for long.",happiness
Just seeing your smile makes me feel better inside.,happiness
"LOVE Is The other Name ofRespect,If You Can't Respect Your LovedOne,....Then You Don't Deserve to BeLoved",happiness
Every girl needs a good guy who can help her laugh when she thinks she will never smile again,happiness
"A Memory of true Love is like a favorite Song, no matter how many times it plays again, You never get tired of it.",happiness
"Every GIRL deserves a boy who can change her LIFE, not only her relationship status.",happiness
"I don't need a perfect relationship, I just need someone who won't give up on me.",happiness
"Because of you, I laugh a little louder, cry a lot less, and smile a lot more.",happiness
Call me old fashioned but i actually take relationships seriously.,happiness
Love is sweet when it's new. But it is sweeter when it's true,happiness
"I hate it when Facebook's always asking me what is on my mind, coz it's always you. and I won't share you. â™¥",happiness
Relationships takes two people . Not one person being faithful and another acting single .,happiness
Sitting alone and enjoying your own company is better than being surrounded by fake people.,happiness
"Everybody knows how to love, but only few people know how to stay in love with one person forever.",happiness
"If you love her, dont ever make her cry.",happiness
Its nice when someone cares about you as much as you care about them.,happiness
"I may not be perfect, but I am original.",happiness
Communication+Trust = A relationship that will last a lifetime.,happiness
"i just want a cute, long lasting relationship.",happiness
A single text from you can change my mood at any moment.,happiness
"Relationships are like drugs, they either kill you, or give you the best feeling of your life.",happiness
A day without you is always incomplete.,happiness
"First you care, then you get hurt.",happiness
"Good relationships don't just happen. They take time, patience, and two people who truly want to be together.",happiness
"In every girl's life, there's a boy she'll never forget; In every boy's life there's a girl he can never get â™¥",happiness
"Relationships start with ""Can we talk?"" and end in ""We need to talk"".",happiness
I love it when you hold me like you will never let me go.,happiness
Even though we are million miles away. We will always be together.,happiness
I get mad because i care.,happiness
"Love doesn't depend on sight or sound, just heart beats.",happiness
"I want vitamin ""U""",happiness
"Your girlfriend is gorgeous and loyal. Why flirt with other girls? Why cheat? It's like throwing away a diamond, and picking up a rock.",happiness
My heart is perfect because.. you are inside.,happiness
I want an honest relationship. no secrets. no lies. no cheating.,happiness
"Whatever the question, the answer is love.",happiness
The happiest couples never have the same character. They have the best understanding of their differences...,happiness
Nice Lips . . . Can i kiss them ? â™¥,happiness
"saying ""I've moved on!"" but still feeling something when suddenly see the person",happiness
Best relationships usually begins UNEXPECTEDLY,happiness
A Broken heart is what Changes People.,happiness
i will never hurt you is one of the most popular lies.,happiness
"It's crazy how you can go months or years without talking to someone, but they still cross your mind everyday",happiness
"IF you really love that person, you wouldnt even think about cheating on them.",happiness
"Make a relation with someone, who is not only proud to have you but will take every risk to be with you..:)",happiness
I won't give up on us â™¥,happiness
"""Real men don't date the most beautiful girl in the world, they date the girl who makes their world the most beautiful.""",happiness
"Beauty isn't about having a pretty face. It's about having a pretty mind, a pretty heart, and a pretty soul.",happiness
Distance means nothing when someone means everything.,happiness
"""â€œIf you judge people, you have no time to love them.â€ - Mother Teresa""",happiness
I m in love with you.,happiness
"Cheer up, sweet beautiful girl you are going to love again and it will be magnificent.",happiness
"Sometimes love is like a cactus. The tighter you try to hold on, the more it hurts.",happiness
We are more than friends but less than a couple.,happiness
"My ""Heart"" is always your!",happiness
"A true relationship is having someone who accepts your past, supports your present, loves you and encourages your future.",happiness
"i love you, but i hate the way you act sometimes.",happiness
The hardest thing is not talking to someone you used to talk to everyday.,happiness
You don't mean ANYTHING to me... you mean EVERYTHING to me...,happiness
Distance is just a test to see how far love can really go.,happiness
Behind every beautiful girl is the ugly relationship that made her scared to love again.,happiness
Just because we're not close anymore doesn't mean I don't care about you.,happiness
"Relationships where you just sit around doing nothing,but still have fun because you're together. â™¥",happiness
"Donâ€™t Make Me An Option, When Iâ€™ve Made You My Priority.",happiness
"My love for you is like a circle, it has no end.",happiness
"3 main rules in relationships: Dont lie, dont cheat and dont make promises you cant keep.",happiness
"Dear Ladies if he takes time to argue with you, he cares about you more than you think.",happiness
"We met, we talked, we liked, we called, we texted, we dated, we committed, I loved, you cheated, we're done, you're deleted.",happiness
"A real boyfriend never ""gives up"" on his girl. He fights for her .",happiness
There is always someone who loves you more than you know.,happiness
"I'm loyal, but it always seems like I'm loyal to the wrong people.",happiness
"When people get suspicious, trust disappears.",happiness
Love yourself first and everything else falls into line.,happiness
"You are every reason, every hope and every dream I've ever had.",happiness
"True love doesn't have a happy ending,because True love never ends....",happiness
"Looks aren't everything. Find a heart that will love you at your worst , & arms to hold you at your weakest. â™¥",happiness
"""Girls want a guy who say "" i love you "" every night and proves it every day .""",happiness
"If you were thinking about someone, while Studying you're definitely in Love.",happiness
A relationship will only go as far as you both want it to.,happiness
"Maybe we donâ€™t have a Perfect Relationship. We fought, argue, cry, commit mistakes. But we have Similarities, weâ€™re both Love each other.",happiness
"Texting is fine, calling is okay. But being with you is the best.",happiness
True Love = No doubts + No jealousy + No worries then life is good.,happiness
"I'm not ignoring you, I'm just waiting for you to talk to me first.",happiness
"My ""last seen at"" was just to check your ""last seen at"".",happiness
"I need someone who will actually stand by my side, no matter what mood i am in .",happiness
why jump into a reationship if your clearly not over the last one? thats not fair to the other person,happiness
I enjoy every moment I spend with you.,happiness
"Love when you're ready, not when you are alone.",happiness
I want someone who comes into my life by accident and stays on purpose.,happiness
"My mom told me angels are in heaven, so why is she on Earth?",happiness
Relationship starts with can we talk and ends with we need to talk.,happiness
We all want someone who is scared to lose us and would do anything to keep us. â™¥,happiness
"If my love for you is a crime, I want to be the most wanted criminal.",happiness
"""There are Billions of people in this World But Sometimes you really need just One.""",happiness
Listen to my little heart. It always says your name with every heartbeat.,happiness
"Love isn't complicated, people are.",happiness
In life I need only you!,happiness
"I don't need geography, you are my world. â™¥",happiness
"Accept me at my strongest, support me at my weakest",happiness
Love is The Greatest Refreshment in Life.,happiness
A real man can't stand seeing his woman hurt. He is careful with his decisions and actions so he never have to be responsible for her pain.,happiness
I Love U Dear With Every Beat Of My Heart.,happiness
Your heart and mine are forever one.,happiness
The best feeling is that first kiss.,happiness
True love is when the only thing that makes you cry is seeing the one you care about unhappy.,happiness
love me less but love me long...,happiness
"Dont promise me the moon or the stars, just promise you will stay under them with me forever.",happiness
"Fire is like love, it keeps you warm but sometimes you'll get burned.",happiness
"We all have that one person that we will always have feelings for no matter what.
Just one look and it takes you right back to those memories.",happiness
"Sometimes i pretend that i dont care. But really, i care more than anyone else ever will.",happiness
"His story is History, My Story is Mystery.",happiness
"Love is a bird, let it fly.",happiness
"Sometimes, I do want a romantic relationship like in the movies.",happiness
True love doesnâ€™t mean being inseparable; it means being separated and nothing changes.,happiness
Typing a huge Paragraph with your true feelings but then erasing it and typing .. yeah ..,happiness
The best relationship is when you can lay next to each other and just talk about anything and everything.,happiness
"Love is not about how much you say ""i love you"" but how much you can prove that it's true.",happiness
Love Is Blind But Beautiful,happiness
"""Sometimes we don't know if some1 really have feelings for us, Or if it's all just a game""",happiness
A relationship where you can act like complete idiots together is the sweetest thing ever.,happiness
Wait for the boy that would do anything to be your everything,happiness
Laughing while kissing means I am completely comfortable with you.,happiness
You canâ€™t be just friends with someone youâ€™re madly in love with,happiness
I Don't Ask For Much Because With You I Have Everything.,happiness
"The hardest part of acting like you donâ€™t care, is knowing how much you actually do.",happiness
True Love Has a Habbit of coming Back.,happiness
All I need is your love.,happiness
Love is master key of opening a gate of happiness.,happiness
"I can live without money, but I cannot live without Love.",happiness
I need you like a heart needs a beat.,happiness
Love is so strange.. sometimes it becomes reason to live life..!! and sometimes it becomes reason to leave life.. ..!!,happiness
Best feeling comes when you get text from the person you were thinking about. â™¥,happiness
"I think i love you, but don't even know you.",happiness
Relationships fail because girls love too much and the boys love too many.,happiness
"I still care, that â€˜s the problem",happiness
"Some love one, some love two. I love one that is you.",happiness
God asks only that you include yourself among those you love.,happiness
I think the perfect hugs are when someone hugs me without me asking.,happiness
"The shortest word for me is ""I""... The sweetest word for me is ""Love""... The only word for me is ""You""...",happiness
The best feeling is when you look at the one you love and theyâ€™re already looking at you.,happiness
"One love, one heart, one destiny.",happiness
"If we kiss , i'm biting your lip â™¥",happiness
True love does not tolerate outsiders,happiness
Donâ€™t play with someoneâ€™s heart if you have no intention for a SERIOUS RELATIONSHIP .,happiness
LoVe ThE oNe WhO LoVeS YoU..... nOt ThE oNe WhOm YoU LoVe.,happiness
We fall in love by chance. We stay in love by choice.,happiness
You're like a drug that's killing me.,happiness
"Without trust you don't have a relationship, just two friends who act like lovers.",happiness
With You It's Different.,happiness
I'm not her first but I will do anything to be her last. She is my one and only.,happiness
"Dont promise me the moon or the stars, just promise you will stay under them with me forever.",happiness
I admit that i get Jealous when youâ€™re talking to someone else instead of me.,happiness
Every relationship has its problems. But what makes it perfect is when you still want to be there when everything sucks!,happiness
"I like when you smile, but I love it when Iâ€™m the reason.",happiness
You dont need somebody to tell you they love you. You can tell by the way they treat you.,happiness
"I want a long, cute relationship where everyone is like ""DAMN, they're still together?"" ",happiness
"We come to love not by finding a perfect person, but by learning to see an imperfect person perfectly.",happiness
You're the girl that I want to grow old with.,happiness
I only want 3 things: See you. Hug you. Kiss you.,happiness
I love you more today than yesterday but I do love you less today than I will tomorrow.,happiness
"I love when people are straight up honest with their feelings, it makes everything so much easier.",happiness
Every time I look at the keyboard U and I always together.,happiness
Can I borrow a Kiss? I promise I'll give it back.,happiness
"The person who hates you, loves you the most.",happiness
I don't even know why I like you. But I just do.,happiness
"Don't try to understand a Girl Completely , If u Do You either go Mad Or You will start Loving her.",happiness
"You know you have experienced real love, when you have lost it. ",happiness
True Love never dies it only gets stronger with time. ,happiness
Apologizing doesn't mean you were wrong. It simply means you value your love and friendship over your ego.,happiness
"When you really care about someone, their happiness matters more than yours.",happiness
"Love is that ,which can never explained.",happiness
"Love does not begin and end the way we seem to think it does. Love is a battle, love is a war; love is a growing up.",happiness
Only you can give me that feeling.,happiness
True love has a habit of coming back.,happiness
I lost my Heart Can Any body See...??,happiness
Donâ€™t give them the keys to your heart if you know they will lose it. Love is about taking risks not being stupid.,happiness
"Honestly, I don't have time to hate people who hate me cause I'm too busy loving people who love me.",happiness
"Love is a feeling, give it when I want it, babe.",happiness
"I don't fall in love with faces, I fall in love with personalities.",happiness
I don't want to listen to just what you say. I want to feel what you mean.,happiness
You don't really need someone to complete you. You only need someone to accept you completely.,happiness
I just had to come talk with you. Sweetness is my weakness.,happiness
"I don't want much... Just your hugs, kisses and you.",happiness
Being faithful is not hard if you really care about them.,happiness
"I love you and you love me, then why can't we be together?",happiness
"Dear heart, please fall in love only when you're ready, not when you're lonely.",happiness
"Love is cute when it's new, but love is most beautiful when it lasts.",happiness
Love never dies...only the lover changes.,happiness
Being in LOVE is like Being DRUNK. No control over what you do.,happiness
"The less you open your heart, the more your heart suffers.",happiness
"I love you, just the way you are.",happiness
When love is not madness it is not love.,happiness
"We argue, we fight....but by the end of the night, we're alright",happiness
A girl is happiest when she knows you make her your everything. In front of everyone.. every time,happiness
"Even if I had a million reasons to move on, I'd still look for one to stay.",happiness
I hate fighting with the one person who makes me smile the most.,happiness
Love is being stupid together.,happiness
"Deep inside my heart, I still feel I need someone to love and care.",happiness
You left me? Fine! But don't love somebody else in front of me.,happiness
If you fall in love... be ready for the tears..!!,happiness
"Believe, hope, and pray for love, but don't put your life on hold waiting for love.",happiness
Love is in your heart.. Peace is in you nerves.. Truth is in your mind.,happiness
A relationship with God is the most important relationship you can have.,happiness
"Sometimes I push you away, because i need you to pull me closer.",happiness
"if she's amazing,she wont be easy.if shes easy, she wont be amazing. if shes worth it, you wont give up, if you give up you're not worth it.",happiness
The way to fill your life with love is very simple: if you want more love give more love.,happiness
"I love seeing couple fall in love and stay in love, its so rare these days.",happiness
"I don't want anyone else to have your heart, kiss your lips, be in your arms, be the one you love. I don't want anyone to take my place.",happiness
Not even a million fights could make me hate you .,happiness
Your love is all I need to feel complete.,happiness
Love is what makes you smile when you're tired.,happiness
Love the person who really suffers without you..!!,happiness
"To know the person, you must love him",happiness
Love is when the heart beats faster,happiness
You are my favorite reason to lose my sleep.,happiness
The person loves you more will fight with you daily without any reason,happiness
Let all that you do be done n love.,happiness
If you love something set it free.,happiness
"if you truly love someone, Being faithful is easy.",happiness
if love is true ...it will always find a way.,happiness
I really want a relationship. A long one. A happy one.,happiness
I don't know which is worse; keeping your love for someone a secret or telling them and being rejected.,happiness
Gravitation is not responsible for people falling in love.,happiness
"If I tell you ""I love you"" then I actually do love you.",happiness
Best conversations usually happen late at night.,happiness
Sometimes you just need to maintain a distance to keep them close to you.,happiness
Retweet if I am not following you and you want me to! I will follow you back :) ,happiness
"To be honest, you are the only one i have ever spent this much time and effort on.",happiness
Just because I'm busy doesn't mean I don't love you,happiness
"I need you, you need me. Let's make it work.",happiness
Love me for a second and I'll love you forever.,happiness
Be the type of person you want to meet.,happiness
forever is a long time but i wouldnt mind spending it by your side.,happiness
She loves me or not but I love her a lot.,happiness
Love never fail.we fail to love.,happiness
"You cannot belong to someone else, until you belong to yourself.",happiness
"Sometimes, when you madly love someone, you don't need words to describe it",happiness
It's nice when someone cares about you as much as you care about them.,happiness
Your Love Is Like Wine; I Want To Get Drunk,happiness
Loving isn't caretaking and caretaking isn't love. we can't buy love... it's a gift.,happiness
True love isnâ€™t love at first sight but love at every sight.,happiness
Love is like war: easy to begin but very hard to stop.,happiness
We are shaped and fashioned by those we love.,happiness
I love you more than there are stars in the sky and fish in the sea.,happiness
True love doesnâ€™t have happy ending â€¦it has No ending.,happiness
"I don't hate Peoples ,I just love Peoples who loves me.",happiness
"The heart that loves, stays always young.",happiness
GIRL: Describe me in 1 word. â€”- BOY: Mine ,happiness
Love means exposing yourself to the pain of being hurt by someone you trust.,happiness
"Love begins with a smile, grows with a kiss, and ends with a teardrop.",happiness
"I've no idea what happened to me, but all I know it's I love you.",happiness
loves when you listen to a song and it relates 100% sure to how you feel. ,happiness
I wish you could love me the way I love you.,happiness
You taught me how to love but not how to stop.,happiness
By far the most important form of attention we can give loved one is listening.,happiness
I don't want to listen to just what you say. I want to feel what you mean.,happiness
Be like a flower that gives its fragrance to even the hand that crushes it.,happiness
"Peopel love others not for who they are, but for how they make us feel.",happiness
At the touch of love everyone becomes a poet.,happiness
Cuddling with you would be perfect right now.,happiness
The tighter the hug the better it feels.,happiness
"It's been said that you only truly fall in love once, but I don't believe that. Every time I see you, I fall in love all over again.",happiness
"I love your smile, your eyes, your laugh, your personality, your humor but the only thing I hate is that "" I will never be yours... """,happiness
Every girl needs a good guy to help her laugh when she thinks she'll never smile again.,happiness
"You have no idea how much l like you. How much you make me smile, how much l love talking to you, or how much l wish you were here.",happiness
"Someone who truly loves you, sees what a mess you can be, how moody you can get, and how hard you can be to handle, but still wants you.",happiness
Good relationship is worth the wait . ,happiness
"You either live in love or die, there is no way in between",happiness
When I count my blessings i count you twice.,happiness
When I talk to you i fall in love over and over again.,happiness
I love you even when I hate you.,happiness
"I love you yesterday I love you still, I always have... I always will",happiness
Love is the only thing that control every single emotion you have.,happiness
"Love never fails and when it fails in life, then its not love!",happiness
Wanna Hug Yuh soo tight..That even air couldn't fill the space between us,happiness
"Don't kiss behind the garden, Love is blind but the neighbours are not.",happiness
One day you'll meet someone who doesn't care about your past because they want to be with you in future.,happiness
We are incapable of loving another unless we love ourselves.,happiness
Hattered does not cease with hatered. Haterd ceases by love.,happiness
Jealousy is just Love and Hate at the same Time,happiness
Give me a man any time who does good to me because he loves me rather that one does good to me in order to fulfill his moral duty.,happiness
wait for the boy that would do anything to be your everything .,happiness
"Everytime I look at the keyboard, I always see U and I together.",happiness
"""Another year over, and we are still together. Its not always easy, but i'll be there forever. (:""",happiness
"Love is not what the mind thinks, but what the heart feels.",happiness
"â€œLove is many things,none of them logical.â€",happiness
You think you're one of millions but you're one in a million to me.,happiness
I want you today and tomorrow and next week and for the rest of my life.,happiness
You can never buy Love....But still you have to pay for it.,happiness
"Love reveals all things, believes all things, endures all things. Love never fails.",happiness
"If you would learn the secret of right relations, look only for the divine in people and things, and leave the rest to God.",happiness
In Love 'Sorry' Should Not Have To Be Said,happiness
"If I know what love is, it is because of you.",happiness
The spaces between your fingers are meant to be filled with mine.,happiness
"In you i H've Found the love of my life and my closest, truest friend.",happiness
The magic of first love is our ignorance that it can never end.,happiness
Love can't be found Where it doesn't exist ..,happiness
